filename,true_label,cluster
beagle1.jpg,beagle,1
beagle10.jpg,beagle,0
beagle101.jpg,beagle,5
beagle105.jpg,beagle,6
beagle106.jpg,beagle,0
beagle108.jpg,beagle,4
beagle109.jpg,beagle,0
beagle11.jpg,beagle,0
beagle110.jpg,beagle,7
beagle112.jpg,beagle,4
beagle114.jpg,beagle,7
beagle115.jpg,beagle,1
beagle116.jpg,beagle,7
beagle118.jpg,beagle,5
beagle12.jpg,beagle,5
beagle13.jpg,beagle,7
beagle14.jpg,beagle,0
beagle15.jpg,beagle,1
beagle16.jpg,beagle,4
beagle17.jpg,beagle,6
beagle18.jpg,beagle,4
beagle2.jpg,beagle,1
beagle20.jpg,beagle,1
beagle22.jpg,beagle,7
beagle24.jpg,beagle,5
beagle26.jpg,beagle,5
beagle28.jpg,beagle,0
beagle30.jpg,beagle,0
beagle32.jpg,beagle,6
beagle34.jpg,beagle,7
beagle36.jpg,beagle,5
beagle38.jpg,beagle,4
beagle4.jpg,beagle,7
beagle40.jpg,beagle,5
beagle42.jpg,beagle,5
beagle44.jpg,beagle,5
beagle46.jpg,beagle,1
beagle48.jpg,beagle,1
beagle5.jpg,beagle,5
beagle50.jpg,beagle,5
beagle52.jpg,beagle,6
beagle54.jpg,beagle,0
beagle56.jpg,beagle,0
beagle58.jpg,beagle,1
beagle60.jpg,beagle,3
beagle61.jpg,beagle,7
beagle62.jpg,beagle,0
beagle63.jpg,beagle,6
beagle64.jpg,beagle,5
beagle65.jpg,beagle,5
beagle66.jpg,beagle,5
beagle67.jpg,beagle,5
beagle68.jpg,beagle,0
beagle69.jpg,beagle,1
beagle7.jpg,beagle,4
beagle70.jpg,beagle,3
beagle71.jpg,beagle,5
beagle72.jpg,beagle,5
beagle73.jpg,beagle,0
beagle74.jpg,beagle,7
beagle75.jpg,beagle,4
beagle76.jpg,beagle,5
beagle77.jpg,beagle,1
beagle78.jpg,beagle,1
beagle79.jpg,beagle,6
beagle8.jpg,beagle,5
beagle83.jpg,beagle,0
beagle84.jpg,beagle,7
beagle85.jpg,beagle,0
beagle86.jpg,beagle,7
beagle87.jpg,beagle,5
beagle88.jpg,beagle,1
beagle89.jpg,beagle,1
beagle90.jpg,beagle,0
beagle91.jpg,beagle,5
beagle92.jpg,beagle,0
beagle93.jpg,beagle,5
beagle94.jpg,beagle,5
beagle95.jpg,beagle,5
beagle96.jpg,beagle,1
beagle97.jpg,beagle,3
beagle98.jpg,beagle,5
beagle99.jpg,beagle,6
bulldog10.jpg,bulldog,5
bulldog100.jpg,bulldog,3
bulldog101.jpg,bulldog,0
bulldog106.jpg,bulldog,5
bulldog107.jpg,bulldog,4
bulldog108.jpg,bulldog,4
bulldog109.jpg,bulldog,0
bulldog11.jpg,bulldog,7
bulldog110.jpg,bulldog,4
bulldog111.jpg,bulldog,4
bulldog112.jpg,bulldog,4
bulldog113.jpg,bulldog,0
bulldog114.jpg,bulldog,4
bulldog117.jpg,bulldog,1
bulldog12.jpg,bulldog,7
bulldog13.jpg,bulldog,0
bulldog14.jpg,bulldog,4
bulldog15.jpg,bulldog,4
bulldog16.jpg,bulldog,4
bulldog17.jpg,bulldog,0
bulldog18.jpg,bulldog,0
bulldog19.jpg,bulldog,0
bulldog2.jpg,bulldog,0
bulldog22.jpg,bulldog,0
bulldog24.jpg,bulldog,0
bulldog26.jpg,bulldog,3
bulldog28.jpg,bulldog,0
bulldog3.jpg,bulldog,4
bulldog30.jpg,bulldog,0
bulldog32.jpg,bulldog,5
bulldog36.jpg,bulldog,3
bulldog38.jpg,bulldog,0
bulldog4.jpg,bulldog,1
bulldog40.jpg,bulldog,0
bulldog42.jpg,bulldog,0
bulldog44.jpg,bulldog,7
bulldog46.jpg,bulldog,1
bulldog5.jpg,bulldog,1
bulldog50.jpg,bulldog,0
bulldog52.jpg,bulldog,0
bulldog54.jpg,bulldog,5
bulldog56.jpg,bulldog,0
bulldog6.jpg,bulldog,4
bulldog60.jpg,bulldog,5
bulldog61.jpg,bulldog,0
bulldog62.jpg,bulldog,3
bulldog63.jpg,bulldog,0
bulldog64.jpg,bulldog,5
bulldog65.jpg,bulldog,0
bulldog66.jpg,bulldog,0
bulldog68.jpg,bulldog,0
bulldog69.jpg,bulldog,5
bulldog71.jpg,bulldog,0
bulldog72.jpg,bulldog,0
bulldog74.jpg,bulldog,3
bulldog75.jpg,bulldog,0
bulldog76.jpg,bulldog,7
bulldog77.jpg,bulldog,7
bulldog78.jpg,bulldog,0
bulldog79.jpg,bulldog,0
bulldog8.jpg,bulldog,1
bulldog83.jpg,bulldog,5
bulldog84.jpg,bulldog,0
bulldog85.jpg,bulldog,0
bulldog86.jpg,bulldog,3
bulldog87.jpg,bulldog,0
bulldog89.jpg,bulldog,0
bulldog9.jpg,bulldog,4
bulldog91.jpg,bulldog,5
bulldog92.jpg,bulldog,0
bulldog93.jpg,bulldog,5
bulldog94.jpg,bulldog,0
bulldog96.jpg,bulldog,0
bulldog97.jpg,bulldog,0
bulldog98.jpg,bulldog,3
bulldog99.jpg,bulldog,0
dalmatian10.jpg,dalmatian,5
dalmatian12.jpg,dalmatian,5
dalmatian14.jpg,dalmatian,5
dalmatian16.jpg,dalmatian,7
dalmatian18.jpg,dalmatian,7
dalmatian2.jpg,dalmatian,7
dalmatian20.jpg,dalmatian,4
dalmatian22.jpg,dalmatian,7
dalmatian24.jpg,dalmatian,5
dalmatian28.jpg,dalmatian,3
dalmatian30.jpg,dalmatian,5
dalmatian32.jpg,dalmatian,7
dalmatian34.jpg,dalmatian,4
dalmatian36.jpg,dalmatian,3
dalmatian4.jpg,dalmatian,4
dalmatian40.jpg,dalmatian,1
dalmatian41.jpg,dalmatian,7
dalmatian43.jpg,dalmatian,5
dalmatian44.jpg,dalmatian,7
dalmatian45.jpg,dalmatian,4
dalmatian46.jpg,dalmatian,7
dalmatian48.jpg,dalmatian,5
dalmatian49.jpg,dalmatian,4
dalmatian51.jpg,dalmatian,4
dalmatian52.jpg,dalmatian,7
dalmatian53.jpg,dalmatian,5
dalmatian55.jpg,dalmatian,7
dalmatian56.jpg,dalmatian,5
dalmatian57.jpg,dalmatian,3
dalmatian58.jpg,dalmatian,7
dalmatian59.jpg,dalmatian,3
dalmatian6.jpg,dalmatian,7
dalmatian63.jpg,dalmatian,1
dalmatian64.jpg,dalmatian,7
dalmatian65.jpg,dalmatian,5
dalmatian66.jpg,dalmatian,7
dalmatian68.jpg,dalmatian,7
dalmatian69.jpg,dalmatian,3
dalmatian70.jpg,dalmatian,4
dalmatian71.jpg,dalmatian,5
dalmatian72.jpg,dalmatian,7
dalmatian73.jpg,dalmatian,7
dalmatian74.jpg,dalmatian,3
dalmatian75.jpg,dalmatian,4
dalmatian77.jpg,dalmatian,7
dalmatian78.jpg,dalmatian,0
dalmatian8.jpg,dalmatian,0
dalmatian80.jpg,dalmatian,4
dalmatian84.jpg,dalmatian,5
dalmatian85.jpg,dalmatian,5
dalmatian86.jpg,dalmatian,1
german-shepherd1.jpg,german-shepherd,7
german-shepherd10.jpg,german-shepherd,4
german-shepherd100.jpg,german-shepherd,5
german-shepherd104.jpg,german-shepherd,1
german-shepherd105.jpg,german-shepherd,7
german-shepherd106.jpg,german-shepherd,0
german-shepherd107.jpg,german-shepherd,5
german-shepherd108.jpg,german-shepherd,7
german-shepherd11.jpg,german-shepherd,1
german-shepherd110.jpg,german-shepherd,4
german-shepherd111.jpg,german-shepherd,5
german-shepherd112.jpg,german-shepherd,7
german-shepherd113.jpg,german-shepherd,7
german-shepherd114.jpg,german-shepherd,4
german-shepherd115.jpg,german-shepherd,0
german-shepherd116.jpg,german-shepherd,4
german-shepherd118.jpg,german-shepherd,7
german-shepherd13.jpg,german-shepherd,3
german-shepherd14.jpg,german-shepherd,1
german-shepherd16.jpg,german-shepherd,1
german-shepherd17.jpg,german-shepherd,0
german-shepherd18.jpg,german-shepherd,5
german-shepherd2.jpg,german-shepherd,4
german-shepherd24.jpg,german-shepherd,5
german-shepherd26.jpg,german-shepherd,0
german-shepherd28.jpg,german-shepherd,5
german-shepherd30.jpg,german-shepherd,5
german-shepherd32.jpg,german-shepherd,7
german-shepherd34.jpg,german-shepherd,4
german-shepherd36.jpg,german-shepherd,0
german-shepherd38.jpg,german-shepherd,5
german-shepherd4.jpg,german-shepherd,1
german-shepherd40.jpg,german-shepherd,6
german-shepherd42.jpg,german-shepherd,5
german-shepherd44.jpg,german-shepherd,0
german-shepherd46.jpg,german-shepherd,5
german-shepherd48.jpg,german-shepherd,0
german-shepherd5.jpg,german-shepherd,4
german-shepherd50.jpg,german-shepherd,1
german-shepherd52.jpg,german-shepherd,1
german-shepherd54.jpg,german-shepherd,7
german-shepherd56.jpg,german-shepherd,7
german-shepherd6.jpg,german-shepherd,1
german-shepherd60.jpg,german-shepherd,0
german-shepherd62.jpg,german-shepherd,0
german-shepherd63.jpg,german-shepherd,5
german-shepherd64.jpg,german-shepherd,4
german-shepherd65.jpg,german-shepherd,0
german-shepherd66.jpg,german-shepherd,6
german-shepherd67.jpg,german-shepherd,0
german-shepherd68.jpg,german-shepherd,0
german-shepherd69.jpg,german-shepherd,7
german-shepherd7.jpg,german-shepherd,5
german-shepherd70.jpg,german-shepherd,7
german-shepherd71.jpg,german-shepherd,0
german-shepherd72.jpg,german-shepherd,5
german-shepherd73.jpg,german-shepherd,5
german-shepherd74.jpg,german-shepherd,7
german-shepherd75.jpg,german-shepherd,5
german-shepherd76.jpg,german-shepherd,5
german-shepherd78.jpg,german-shepherd,1
german-shepherd79.jpg,german-shepherd,1
german-shepherd8.jpg,german-shepherd,1
german-shepherd85.jpg,german-shepherd,5
german-shepherd86.jpg,german-shepherd,4
german-shepherd87.jpg,german-shepherd,5
german-shepherd88.jpg,german-shepherd,0
german-shepherd89.jpg,german-shepherd,1
german-shepherd91.jpg,german-shepherd,5
german-shepherd92.jpg,german-shepherd,7
german-shepherd93.jpg,german-shepherd,6
german-shepherd95.jpg,german-shepherd,0
german-shepherd96.jpg,german-shepherd,7
german-shepherd97.jpg,german-shepherd,0
german-shepherd98.jpg,german-shepherd,5
german-shepherd99.jpg,german-shepherd,0
husky10.jpg,husky,5
husky100.jpg,husky,0
husky101.jpg,husky,7
husky105.jpg,husky,5
husky106.jpg,husky,5
husky107.jpg,husky,7
husky11.jpg,husky,7
husky110.jpg,husky,1
husky111.jpg,husky,7
husky112.jpg,husky,3
husky116.jpg,husky,7
husky12.jpg,husky,7
husky16.jpg,husky,7
husky17.jpg,husky,5
husky18.jpg,husky,4
husky2.jpg,husky,3
husky20.jpg,husky,0
husky22.jpg,husky,0
husky24.jpg,husky,3
husky26.jpg,husky,7
husky28.jpg,husky,5
husky3.jpg,husky,0
husky30.jpg,husky,7
husky32.jpg,husky,5
husky34.jpg,husky,1
husky36.jpg,husky,4
husky38.jpg,husky,5
husky4.jpg,husky,7
husky40.jpg,husky,0
husky42.jpg,husky,7
husky44.jpg,husky,0
husky46.jpg,husky,7
husky52.jpg,husky,0
husky54.jpg,husky,5
husky56.jpg,husky,4
husky58.jpg,husky,7
husky6.jpg,husky,4
husky60.jpg,husky,5
husky61.jpg,husky,0
husky62.jpg,husky,7
husky63.jpg,husky,7
husky64.jpg,husky,1
husky65.jpg,husky,4
husky66.jpg,husky,0
husky67.jpg,husky,0
husky69.jpg,husky,0
husky7.jpg,husky,0
husky70.jpg,husky,4
husky71.jpg,husky,3
husky72.jpg,husky,5
husky73.jpg,husky,5
husky74.jpg,husky,5
husky75.jpg,husky,7
husky76.jpg,husky,7
husky78.jpg,husky,5
husky79.jpg,husky,7
husky8.jpg,husky,4
husky83.jpg,husky,5
husky84.jpg,husky,0
husky85.jpg,husky,5
husky86.jpg,husky,1
husky9.jpg,husky,5
husky90.jpg,husky,0
husky91.jpg,husky,7
husky92.jpg,husky,3
husky93.jpg,husky,7
husky94.jpg,husky,5
husky95.jpg,husky,0
husky97.jpg,husky,4
husky98.jpg,husky,7
husky99.jpg,husky,5
labrador-retriever1.jpg,labrador-retriever,1
labrador-retriever100.jpg,labrador-retriever,0
labrador-retriever104.jpg,labrador-retriever,5
labrador-retriever106.jpg,labrador-retriever,7
labrador-retriever107.jpg,labrador-retriever,7
labrador-retriever108.jpg,labrador-retriever,5
labrador-retriever110.jpg,labrador-retriever,4
labrador-retriever111.jpg,labrador-retriever,7
labrador-retriever114.jpg,labrador-retriever,4
labrador-retriever115.jpg,labrador-retriever,0
labrador-retriever116.jpg,labrador-retriever,5
labrador-retriever15.jpg,labrador-retriever,0
labrador-retriever17.jpg,labrador-retriever,4
labrador-retriever19.jpg,labrador-retriever,0
labrador-retriever2.jpg,labrador-retriever,3
labrador-retriever20.jpg,labrador-retriever,1
labrador-retriever24.jpg,labrador-retriever,0
labrador-retriever26.jpg,labrador-retriever,5
labrador-retriever28.jpg,labrador-retriever,0
labrador-retriever3.jpg,labrador-retriever,2
labrador-retriever30.jpg,labrador-retriever,1
labrador-retriever38.jpg,labrador-retriever,5
labrador-retriever4.jpg,labrador-retriever,0
labrador-retriever42.jpg,labrador-retriever,1
labrador-retriever44.jpg,labrador-retriever,0
labrador-retriever46.jpg,labrador-retriever,5
labrador-retriever52.jpg,labrador-retriever,5
labrador-retriever56.jpg,labrador-retriever,5
labrador-retriever60.jpg,labrador-retriever,7
labrador-retriever61.jpg,labrador-retriever,2
labrador-retriever62.jpg,labrador-retriever,5
labrador-retriever63.jpg,labrador-retriever,1
labrador-retriever67.jpg,labrador-retriever,0
labrador-retriever71.jpg,labrador-retriever,7
labrador-retriever72.jpg,labrador-retriever,0
labrador-retriever73.jpg,labrador-retriever,0
labrador-retriever75.jpg,labrador-retriever,5
labrador-retriever76.jpg,labrador-retriever,1
labrador-retriever77.jpg,labrador-retriever,5
labrador-retriever79.jpg,labrador-retriever,5
labrador-retriever8.jpg,labrador-retriever,1
labrador-retriever80.jpg,labrador-retriever,5
labrador-retriever85.jpg,labrador-retriever,0
labrador-retriever87.jpg,labrador-retriever,5
labrador-retriever88.jpg,labrador-retriever,5
labrador-retriever91.jpg,labrador-retriever,0
labrador-retriever94.jpg,labrador-retriever,1
labrador-retriever96.jpg,labrador-retriever,5
labrador-retriever97.jpg,labrador-retriever,5
labrador-retriever98.jpg,labrador-retriever,1
poodle100.jpg,poodle,0
poodle104.jpg,poodle,1
poodle106.jpg,poodle,7
poodle109.jpg,poodle,1
poodle11.jpg,poodle,1
poodle110.jpg,poodle,1
poodle116.jpg,poodle,7
poodle118.jpg,poodle,7
poodle13.jpg,poodle,7
poodle14.jpg,poodle,4
poodle16.jpg,poodle,4
poodle17.jpg,poodle,5
poodle18.jpg,poodle,7
poodle19.jpg,poodle,0
poodle20.jpg,poodle,0
poodle24.jpg,poodle,5
poodle26.jpg,poodle,1
poodle28.jpg,poodle,0
poodle30.jpg,poodle,7
poodle32.jpg,poodle,4
poodle36.jpg,poodle,2
poodle40.jpg,poodle,5
poodle42.jpg,poodle,2
poodle44.jpg,poodle,0
poodle48.jpg,poodle,7
poodle5.jpg,poodle,7
poodle50.jpg,poodle,1
poodle54.jpg,poodle,0
poodle56.jpg,poodle,1
poodle6.jpg,poodle,5
poodle60.jpg,poodle,7
poodle62.jpg,poodle,0
poodle63.jpg,poodle,4
poodle64.jpg,poodle,2
poodle65.jpg,poodle,5
poodle66.jpg,poodle,2
poodle68.jpg,poodle,1
poodle69.jpg,poodle,1
poodle70.jpg,poodle,7
poodle71.jpg,poodle,5
poodle72.jpg,poodle,1
poodle73.jpg,poodle,7
poodle76.jpg,poodle,0
poodle77.jpg,poodle,7
poodle79.jpg,poodle,0
poodle86.jpg,poodle,5
poodle87.jpg,poodle,2
poodle88.jpg,poodle,7
poodle89.jpg,poodle,1
poodle90.jpg,poodle,5
poodle91.jpg,poodle,0
poodle92.jpg,poodle,4
poodle96.jpg,poodle,0
poodle97.jpg,poodle,1
poodle98.jpg,poodle,7
poodle99.jpg,poodle,2
rottweiler1.jpg,rottweiler,0
rottweiler10.jpg,rottweiler,7
rottweiler100.jpg,rottweiler,0
rottweiler105.jpg,rottweiler,0
rottweiler106.jpg,rottweiler,7
rottweiler108.jpg,rottweiler,0
rottweiler109.jpg,rottweiler,4
rottweiler11.jpg,rottweiler,1
rottweiler110.jpg,rottweiler,0
rottweiler111.jpg,rottweiler,1
rottweiler112.jpg,rottweiler,0
rottweiler113.jpg,rottweiler,4
rottweiler114.jpg,rottweiler,0
rottweiler115.jpg,rottweiler,0
rottweiler116.jpg,rottweiler,3
rottweiler117.jpg,rottweiler,0
rottweiler118.jpg,rottweiler,7
rottweiler12.jpg,rottweiler,4
rottweiler14.jpg,rottweiler,7
rottweiler15.jpg,rottweiler,7
rottweiler17.jpg,rottweiler,0
rottweiler18.jpg,rottweiler,7
rottweiler19.jpg,rottweiler,4
rottweiler2.jpg,rottweiler,4
rottweiler20.jpg,rottweiler,1
rottweiler22.jpg,rottweiler,5
rottweiler24.jpg,rottweiler,5
rottweiler26.jpg,rottweiler,3
rottweiler28.jpg,rottweiler,0
rottweiler30.jpg,rottweiler,1
rottweiler32.jpg,rottweiler,0
rottweiler34.jpg,rottweiler,5
rottweiler36.jpg,rottweiler,5
rottweiler38.jpg,rottweiler,0
rottweiler4.jpg,rottweiler,0
rottweiler40.jpg,rottweiler,1
rottweiler42.jpg,rottweiler,5
rottweiler44.jpg,rottweiler,4
rottweiler46.jpg,rottweiler,5
rottweiler48.jpg,rottweiler,1
rottweiler5.jpg,rottweiler,6
rottweiler50.jpg,rottweiler,0
rottweiler54.jpg,rottweiler,0
rottweiler58.jpg,rottweiler,7
rottweiler6.jpg,rottweiler,7
rottweiler60.jpg,rottweiler,7
rottweiler61.jpg,rottweiler,5
rottweiler62.jpg,rottweiler,3
rottweiler63.jpg,rottweiler,1
rottweiler65.jpg,rottweiler,1
rottweiler66.jpg,rottweiler,5
rottweiler67.jpg,rottweiler,1
rottweiler68.jpg,rottweiler,0
rottweiler7.jpg,rottweiler,5
rottweiler70.jpg,rottweiler,7
rottweiler71.jpg,rottweiler,5
rottweiler72.jpg,rottweiler,0
rottweiler73.jpg,rottweiler,0
rottweiler74.jpg,rottweiler,5
rottweiler75.jpg,rottweiler,0
rottweiler77.jpg,rottweiler,4
rottweiler78.jpg,rottweiler,0
rottweiler79.jpg,rottweiler,0
rottweiler8.jpg,rottweiler,5
rottweiler83.jpg,rottweiler,7
rottweiler84.jpg,rottweiler,5
rottweiler85.jpg,rottweiler,0
rottweiler88.jpg,rottweiler,1
rottweiler89.jpg,rottweiler,0
rottweiler90.jpg,rottweiler,7
rottweiler91.jpg,rottweiler,5
rottweiler92.jpg,rottweiler,1
rottweiler93.jpg,rottweiler,1
rottweiler94.jpg,rottweiler,5
rottweiler95.jpg,rottweiler,0
rottweiler97.jpg,rottweiler,3
rottweiler98.jpg,rottweiler,0
rottweiler99.jpg,rottweiler,5
